s_no,college_code,college_name,location,region,college_type
1,1,"University Departments of Anna University, Chennai - CEG Campus, Sardar Patel Road, Guindy, Chennai 600 025 ",chennai,chennai,government college
2,2,"University Departments of Anna University, Chennai - ACT Campus, Sardar Patel Road, Guindy, Chennai 600 025 ",chennai,chennai,government college
3,4,"University Departments of Anna University, Chennai - MIT Campus, Chrompet, Tambaram Taluk, Chengalpattu District 600 044 ",chengalpattu,chennai,government college
4,5,"Annamalai University Faculty of Engineering and Technology,Annamalai nagar,Cuddalore ",cuddalore,thanjavur,government college
5,1013,"University College of Engineering, Villupuram, Kakuppam, Villupuram District 605103 ",villupuram,thanjavur,constituent colleges
6,1014,"University College of Engineering, Tindivanam, Melpakkam, Tindivanam, Villupuram District 604001 ",villupuram,thanjavur,constituent colleges
7,1015,"University College of Engineering, Arni, Arni to Devikapuram Road, Thatchur, Arni, Thiruvannamalai District 632326 ",thiruvannamalai,chennai,constituent colleges
8,1026,"University College of Engineering, Kancheepuram, Ponnerikarai Campus, NH4, Chennai-Bangalore Highway, Karaipettai Village & Post, Kancheepuram District 631552 ",kancheepuram,chennai,constituent colleges
9,1101,"Aalim Muhammed Salegh College of Engineering, Muthapudupet, Avadi IAF, Chennai 600055 ",chennai,chennai,self financing colleges
10,1102,"BHAJARANG ENGINEERING COLLEGE,AYATHUR VILLAGE, VEPPAMPATTU(R.S),THIRUVALLUR ",thiruvallur,chennai,self financing colleges
11,1106,"Jaya Engineering College, Thirunindravur, Chennai 602024 ",chennai,chennai,self financing colleges
12,1107,"Jaya Institute of Technology, Kanchipadi Post, Thiruvallur-Tiruttani NH Road, Thiruvallur District 631204 ",thiruvallur,chennai,self financing colleges
13,1110,"Prathyusha Engineering college, Aranvoyalkuppam, Thiruvallur District 602025 ",thiruvallur,chennai,self financing colleges
14,1112,"R M D Engineering College, Kavaraipettai, Gummidipoondi, Thiruvallur District 601206 ",thiruvallur,chennai,self financing colleges
15,1113,"R M K Engineering College (Autonomous), Kavaraipettai, Gummidipoondi, Thiruvallur District 601206 ",thiruvallur,chennai,self financing colleges
16,1114,"S A Engineering College (Autonomous), Thiruverkadu, Chennai 600077 ",chennai,chennai,self financing colleges
17,1115,"Sri Ram Engineering College, Perumalpattu, Veppampattu (R S), Thiruvallur District 602 024 ",thiruvallur,chennai,self financing colleges
18,1116,"Sri Venkateswara College of Engineering and Technology, Thirupachur, Thiruvallur District 631203 ",thiruvallur,chennai,self financing colleges
19,1118,"Vel Tech Multi Tech Dr. Rangarajan Dr. Sakunthala Engineering College (Autonomous), Avadi-Alamathi Road, Chennai 600 062 ",chennai,chennai,self financing colleges
20,1120,"Velammal Engineering College (Autonomous), Ambattur-Redhills Road, Chennai 600066 ",chennai,chennai,self financing colleges
21,1121,"Sri Venkateswara Institute of Science and Technology, Kozhundalur, Thiruvallur District 631203 ",thiruvallur,chennai,self financing colleges
22,1122,"Vel Tech High Tech Dr. Rangarajan Dr. Sakunthala Engineering College, Avadi-Alamathi Road, Chennai 600 062 ",chennai,chennai,self financing colleges
23,1123,"Gojan School of Business and Technology, Alamathi, Chennai 600062 ",chennai,chennai,self financing colleges
24,1124,"SAMS College of Engineering and Technology, Panappakkam, Chennai-Tirupathi Road, Uthukkottai Taluk, Thiruvallur District 601102 ",thiruvallur,chennai,self financing colleges
25,1125,"P M R Engineering College, Adayalampattu, Maduravoyal , Vanagaram, Chennai 600095 ",chennai,chennai,self financing colleges
26,1126,"J N N Institute of Engineering, Ushaa Garden, Kannigaipair Village, Uthukottai Taluk, Thiruvallur District 601102 ",thiruvallur,chennai,self financing colleges
27,1127,"St. Peters College of Engineering and Technology, College Road, Avadi, Chennai 600 054 ",chennai,chennai,self financing colleges
28,1128,"R M K College of Engineering and Technology, Puduvoyal, Gummidipoondi Taluk, Thiruvallur District 601206 ",thiruvallur,chennai,self financing colleges
29,1133,"Annai Veilankannis College of Engineering, Gandhi Road, Nedungundram, Chennai 600048 ",chennai,chennai,self financing colleges
30,1137,"Annai Mira College of Engineering and Technology, Arcot Road, Arappakkam Village, Walaja Taulk, Ranipet District 632 517 ",ranipet,chennai,self financing colleges
31,1140,"Jeppiaar Institute of Technology,kunnam Village,Sriperumpudur Taulk,Kancheepuram District 631604 ",kancheepuram,chennai,self financing colleges
32,1141,"R V S Padmavathy College of Engineering and Technology, Senthil Pakkam Village, Roshanagaram Post, Madarapakkam Via,Gummidipoondi Taluk, Thiruvallur District 601202 ",thiruvallur,chennai,self financing colleges
33,1149,"St. Joseph’s Institute of Technology, Jeppiaar Nagar, Old Mahabalipuram Road (OMR), Chennai 600119 ",chennai,chennai,self financing colleges
34,1150,"Sri Jayaram Institute of Engineering and Technology, 51 N, Elavur, 58N, Natham, Gummidipoondi Taluk, Thiruvallur District 601201 ",thiruvallur,chennai,self financing colleges
35,1201,"Arignar Anna Institute of Science and Technology, Pennalur, Sriperumpudur Taluk, Kancheepuram District 602105 ",kancheepuram,chennai,self financing colleges
36,1202,"D M I College of Engineering, Palanchoor, Nazrethpet, Chennai 602103 ",chennai,chennai,self financing colleges
37,1205,"Lord Venkateshwara Engineering College, Walajabad Post, Kancheepuram District 631605 ",kancheepuram,chennai,self financing colleges
38,1207,"Kings Engineering College, Sriperumpudur Taluk, Kancheepuram District 602105 ",kancheepuram,chennai,self financing colleges
39,1208,"KANCHI PALLVAN ENGINEERING COLLEGE ",kollivakam,chennai,self financing colleges
40,1209,"Pallavan College of Engineering, Thimmasamudram, Kancheepuram District 631502 ",kancheepuram,chennai,self financing colleges
41,1210,"Panimalar Engineering College, Nazarethpet, Poonamallee, Chennai 602103 ",chennai,chennai,self financing colleges
42,1211,"Rajalakshmi Engineering College (Autonomous), Thandalam, Sriperumpudur Taluk, Kancheepuram District 602105 ",kancheepuram,chennai,self financing colleges
43,1212,"Rajiv Gandhi College of Engineering, Nemili, Sriperumpudur Taluk, Kancheepuram District 602105 ",kancheepuram,chennai,self financing colleges
44,1213,"S K R Engineering College, Poonamallee, Chennai 600123 ",chennai,chennai,self financing colleges
45,1216,"Saveetha Engineering College (Autonomous), Thandalam, Sriperumpudur Taluk, Kancheepuram District 602105 ",kancheepuram,chennai,self financing colleges
91,1411,"Madha Engineering College, Kundrathur, Chennai 600069 ",chennai,chennai,self financing colleges
46,1217,"Sree Sastha Institute of Engineering and Technology, Chembarambakkam, Chennai 600103 ",chennai,chennai,self financing colleges
47,1218,"Sri Muthukumaran Institute of Technology, Near Mangadu, Chennai 600069 ",chennai,chennai,self financing colleges
48,1219,"Sri Venkateswara College of Engineering (Autonomous), Post Bag No.1, Chennai-Bengaluru High Road, Pennalur, Irungattukottai S.O., Sriperumbudur Taluk, Kancheepuram District 602117 ",kancheepuram,chennai,self financing colleges
49,1221,"Jaya College of Engineering and Technology, Parivakkam, Poonamallee, Chennai 600056 ",chennai,chennai,self financing colleges
50,1222,"P B College of Engineering, Irungkattukottai, Sriperumpudur Taluk, Kancheepuram District 602105 ",kancheepuram,chennai,self financing colleges
51,1225,"Loyola Institute of Technology, Mevaloorkuppam, B Village, Palanchoor, Nazarethpet Post, Chennai 600123 ",chennai,chennai,self financing colleges
52,1226,"P T Lee Chengalvaraya Naicker College of Engineering and Technology, Oovery, Veliyur Post, Kancheepuram District 631 502 ",kancheepuram,chennai,self financing colleges
53,1228,"Alpha College of Engineering, Dr. Grace George Nagar, Udayavar Koil Street, Thirumazhisai, Poonamalle, Chennai 602107 ",chennai,chennai,self financing colleges
54,1229,"Indira Institute of Engineering and Technology, VGR Gardens, Pandur, Thiruvallur District 631203 ",thiruvallur,chennai,self financing colleges
55,1230,"Apollo Engineering College, Mevaloorkuppam, Valarpuram Post, Sriperumpudur, Kancheepuram District 602105 ",kancheepuram,chennai,self financing colleges
56,1231,"Panimalar Institute of Technology, Nazarethpet, Poonamallee, Chennai 602103 ",chennai,chennai,self financing colleges
57,1233,"Adhi College of Engineering and Technology, Pazhayaseevaram, Madura Sankarapuram Village, Kancheepuram District 631605 ",Kancheepuram,chennai,self financing colleges
58,1237,"Velammal Institute of Technology, Chennai-Kolkatta Highway, Panchetti Village, Ponneri Taluk, Thiruvallur District 601204 ",thiruvallur,chennai,self financing colleges
59,1238,"GRT Institute of Engineering and Technology, GRT Mahalakshmi Nagar, Chennai-Tirupathi Highway, Tiruttani Taluk, Thiruvallur District 631209",thiruvallur,chennai,self financing colleges
60,1241,"T J S Engineering College, Peruvoyal, Near Kavaraipettai, Gummidipoondi Taluk, Thiruvallur District 601206 ",thiruvallur,chennai,self financing colleges
61,1243,"Madha Institute of Engineering and Technology, Erandamkattalai Village, Sadhananthapuram, Thandalam Post, Chennai 602101 ",chennai,chennai,self financing colleges
62,1301,"Mohamed Sathak A J College of Engineering, Old Mahabalipuram Road (OMR), Egattur, Chengalpattu District 603103 ",chengalpattu,chennai,self financing colleges
63,1303,"Anand Institute of Higher Technology, Old Mahabalipuram Road (OMR), Kazhipattur, Chengalpattu District 603103 ",chengalpattu,chennai,self financing colleges
64,1304,"Easwari Engineering College (Autonomous), Ramapuram, Chennai 600089 ",chennai,chennai,self financing colleges
65,1306,"Jeppiar Engineering College, Old Mahabalipuram Road (OMR), Chennai 600119 ",chennai,chennai,self financing colleges
66,1307,"Jerusalem College of Engineering (Autonomous), Narayanapuram, Pallikaranai, Chennai 600 100 ",chennai,chennai,self financing colleges
67,1309,"Meenakshi Sundararajan Engineering College, Kodambakkam, Chennai 600024 ",chennai,chennai,self financing colleges
68,1310,"Misrimal Navajee Munoth Jain Engineering College, Rajiv Gandhi Salai (OMR), Thorappakkam, Chennai 600096 ",chennai,chennai,self financing colleges
69,1311,"K C G College of Technology, Karappakkam, Chennai 600096 ",chennai,chennai,self financing colleges
70,1313,"Shree Motilal Kanhaiyalal (SMK)Fomra Institute of Technology, Old Mahabalipuram Road (OMR), Kelambakkam, Chengalpattu District 603103 ",chengalpattu,chennai,self financing colleges
71,1315,"Sri Sivasubramaniya Nadar College of Engineering (Autonomous), Kalavakkam, Old Mahabalipuram Road (OMR), Chengalpattu District 603110 ",chengalpattu,chennai,self financing colleges
72,1316,"Agni College of Technology, Old Mahabalipuram Road (OMR), Thalambur Village, Chengalpattu District 603103 ",chengalpattu,chennai,self financing colleges
73,1317,"St. Joseph’s College of Engineering, Old Mahabalipuram Road (OMR), Chennai 600 119 ",chennai,chennai,self financing colleges
74,1318,"T.J INSTITUTE OF TECHNOLOGY, KARAPAKKAM CH-97 ",karapakkam,chennai,self financing colleges
75,1319,"Thangavelu Engineering College, Karappakkam, Chennai 600097 ",chennai,chennai,self financing colleges
76,1320,"Jeppiaar SRR Engineering College, Old Mahabalipuram Road, Chengalpattu District 603103 ",chengalpattu,chennai,self financing colleges
77,1321,"Central Institute of Plastics Engineering and Technology (CIPET), Guindy, Chennai 600032 ",chennai,chennai,cerci and cipet
78,1322,"Dhanalakshmi Srinivasan College of Engineering and Technology, East Coast Road, Poonjeri, Chennai 603104 ",chennai,chennai,self financing colleges
79,1323,"A C T College of Engineering and Technology, Nelvoy Village, Pukkathurai Post, Maduranthagam, Chengalpattu District 603107 ",Chengalpattu,chennai,self financing colleges
80,1324,"Sri Sai Ram Institute of Technology (Autonomous), West Tambaram, Chennai 600044 ",chennai,chennai,self financing colleges
81,1325,"St. Joseph College of Engineering, Trinity Campus, Nemili, Sriperumpudur Taluk, Kancheepuram District 602105 ",kancheepuram,chennai,self financing colleges
82,1333,"Vi Institute of Technology, Sirunkundram Village & Post, Chengalpattu District 603108 ",chengalpattu,chennai,self financing colleges
83,1335,"Sri Krishna Institute of Technology, Panapakkam, Padappai, Chennai 601301 ",chennai,chennai,self financing colleges
84,1399,"Chennai Institute of Technology, Puduper Village, Nandambakkam Post, Kundrathur, Chennai 600069 ",chennai,chennai,self financing colleges
85,1401,"Adhiparasakthi Engineering College, Melmaruvathur, Chengalpattu District 603319 ",chengalpattu,chennai,self financing colleges
86,1402,"Annai Terasa College of Engineering, Thirunavalur, Kallakkurichi District 607204 ",kallakurichi,coimbatore,self financing colleges
87,1405,"Dhanalakshmi College of Engineering, Manimangalam, Chennai 601301 ",chennai,chennai,self financing colleges
88,1407,"G K M College of Engineering and Technology, Alappakkam-Mappedu Road, Chennai 600063 ",chennai,chennai,self financing colleges
89,1408,"I F E T College of Engineering (Autonomous), Gangarampalayam, Villupuram District 605108 ",villupuram,thanjavur,self financing colleges
90,1409,"Karpagavinayaga College of Engineering and Technology, Palayanoor Post, Maduranthagam Taluk, Chengalpattu District 603308 ",chengalpattu,chennai,self financing colleges
92,1412,"Mailam Engineering College, Mailam, Villupuram District 604304 ",villupuram,thanjavur,self financing colleges
93,1413,"Sri Venkateswaraa College of Technology, Sirukulathur, Vadakkal Village, Pondur Post, Sriperumbudur Taluk, Kancheepuram District 602105 ",kancheepuram,chennai,self financing colleges
94,1414,"Prince Shri Venkateshwara Padmavathy Enginering College, Ponmar, Chennai 600048 ",chennai,chennai,self financing colleges
95,1415,"T S M Jain College of Technology, Melur Village, Kallakurichi District 606201 ",kallakurichi,coimbatore,self financing colleges
96,1416,"Jaya Sakthi Engineering College, Thirunindravur, Chennai 602024 ",chennai,chennai,self financing colleges
97,1419,"Sri Sairam Enginering College (Autonomous), West Tambaram, Chennai 600044 ",chennai,chennai,self financing colleges
98,1420,"Tagore Engineering College, Rathnamangalam, Vandalur Post, Chennai 600048 ",chennai,chennai,self financing colleges
99,1421,"V R S College of Engineering and Technology, Arasur, Villupuram District 607107 ",villupuram,thanjavur,self financing colleges
100,1422,"SRM Valliammai Engineering College (Autonomous), Kattankulathur, Chennai 603203 ",chennai,chennai,self financing colleges
101,1423,"Asan Memorial College of Engineering and Technology,Chengalpattu- 603 001. ",chengalpattu,chennai,self financing colleges
102,1424,"Dhaanish Ahmed College of Engineering, Padappai, Chennai 601301 ",chennai,chennai,self financing colleges
103,1426,"Sri Ramanujar Engineering College, Vandalur, Kolappakkam, Chennai 600048 ",chennai,chennai,self financing colleges
104,1427,"Sri Krishna Engineering College, Panappakkam, Padappai, Chennai 601301 ",chennai,chennai,self financing colleges
105,1430,"Maha Bharathi Engineering College, A Vasudevanur, Chinnasalem, Kallakurichi District 606201 ",kallakurichi,coimbatore,self financing colleges
106,1431,"New Prince Shri Bhavani College of Engineering and Technology, Vengaivasal Main Road, Gowriwakkam, Chennai 600073 ",chennai,chennai,self financing colleges
107,1432,"Rajalakshmi Institute of Technology, Irulapalayam, Kuthampakkam Post, Kancheepuram District 602107 ",kancheepuram,chennai,self financing colleges
108,1434,"Surya Group of Institutions, GST Road, Vikravandi Village, Villupuram District 605652 ",villupuram,thanjavur,self financing colleges
109,1435,"Jagannath Institute of Technology, Thandalam Village, Thiruporur, Kancheepuram District 603110 ",kancheepuram,chennai,self financing colleges
110,1436,"A R Engineering College, Vadakuchipalayam, Kappiyampuliyur Post, Villupuram District 605601 ",villupuram,thanjavur,self financing colleges
111,1437,"Rrase College of Engineering, Padappai, Chennai 601301 ",chennai,chennai,self financing colleges
112,1438,"Sree Krishna College of Engineering, Anaicut Post, Unnai Village, Vellore District 632101 ",vellore,chennai,self financing colleges
113,1441,"A K T Memorial College of Engineering and Technology, Neelamangalam Village, Kallakurichi District 606202 ",kallakurichi,coimbatore,self financing colleges
114,1442,"Prince Dr. K Vasudevan College of Engineering and Technology, Medavakkam-Mambakkam Road, Ponmar, Chennai 600048 ",chennai,chennai,self financing colleges
115,1444,"Chendu College of Engineering & Technology, Zamin Endathur Village, Madurantakam Taluk, Chengalpattu District 603331 ",chengalpattu,chennai,self financing colleges
116,1445,"Sri Rangapoopathi College of Engineering, Alampoondi Village, Gingee, Villupuram District 604151 ",villupuram,thanjavur,self financing colleges
117,1447,"Jawahar Engineering College, Kaveri Rangan Nagar, Saligramam, Chennai 600093 ",chennai,chennai,self financing colleges
118,1449,"Saraswathy College of Engineering and Technology, NH-45, Main Road, Olakkur, Tindivanam Taluk, Villupuram District 604307 ",villupuram,thanjavur,self financing colleges
119,1450,"Loyola-ICAM College of Engineering and Technology, Loyola College Campus, Nungambakkam, Chennai 600034 ",chennai,chennai,self financing colleges
120,1452,"PERI Institute of Technology, Mannivakkam, West Tambaram, Chennai 600048 ",chennai,chennai,self financing colleges
121,1501,"Adhiparasakthi College of Engineering, Kalavai, Ranipet District 632506 ",ranipet,chennai,self financing colleges
122,1503,"Arulmigu Meenakshi Amman College of Engineering, Vadamavandal,Thiruvannamalai District 604410 ",thiruvannamalai,chennai,self financing colleges
123,1504,"Arunai Engineering College, Mathur, Thiruvannamalai District 606603 ",thiruvannamalai,chennai,self financing colleges
124,1505,"C Abdul Hakeem College of Engineering and Technology, Melvisharam, Ranipet District 632509 ",ranipet,chennai,self financing colleges
125,1507,"Ganadipathy Tulsi’s Jain Engineering College, Kaniyambadi, Vellore District 632102 ",vellore,chennai,self financing colleges
126,1509,"Meenakshi College of Engineering, Vembuliamman Koil Street, K K Nagar (West), Chennai 600078 ",chennai,chennai,self financing colleges
127,1510,"Priyadarshini Engineering College, Vaniyambadi Post, Thiruppattur District 635751 ",Tirupattur,chennai,self financing colleges
128,1511,"Ranippettai Engineering College, Thenkadappanthangal, Ranipet District 632513 ",ranipet,chennai,self financing colleges
129,1512,"S K P Engineering College, Thiruvannamalai District 606611 ",thiruvannamalai,chennai,self financing colleges
130,1513,"Sri Balaji Chockalingam Engineering College, Arni, Thiruvannamalai District 632317 ",thiruvannamalai,chennai,self financing colleges
131,1514,"Sri Nandhanam College of Engineering and Technology, Thiruppathur Dt 635601 ",thiruppathur,chennai,self financing colleges
132,1516,"Thanthai Periyar Government Institute of Technology, Bagayam, Vellore District 632002 ",vellore,chennai,government college
133,1517,"Thirumalai Engineering College, Kilambi, Kancheepuram District 631551 ",kancheepuram,chennai,self financing colleges
134,1518,"Thiruvalluvar College of Engineering and Technology, Vandavasi, Thiruvannamalai District 604505 ",thiruvannamalai,chennai,self financing colleges
135,1519,"Bharathidasan Engineering College, Nattrampalli Post, Thiruppathur District 635854 ",Tirupattur,chennai,self financing colleges
136,1520,"Kingston Engineering College, Chithoor Main Road, Christianpet Village, Katpadi Taluk, Vellore District 632059 ",vellore,chennai,self financing colleges
137,1521,"Sri Sapthagiri Institute of Technology, Ocheri, Arakonam Taluk, Ranipet District 632531 ",ranipet,chennai,self financing colleges
138,1523,"Global Institute of Engineering and Technology, Bangalore-Chennai Highway, Melvisharam, Walajah Taluk, Ranipet District 632506 ",ranipet,chennai,self financing colleges
139,1524,"Annamalaiar College of Engineering, Modaiyur Village, Polur Taluk, Thiruvannamalai District 606902 ",thiruvanamalai,chennai,self financing colleges
140,1525,"Podhigai College of Engineering and Technology, Vinayakapuram, Adiyur Post, Tirupattur District 635601 ",tirupattur,chennai,self financing colleges
141,1526,"Sri Krishna College of Engineering, Tiruttani High Road, Arakkonam, Ranipet District 631003 ",ranipet,chennai,self financing colleges
142,1529,"Oxford College of Engineering, Venmani Village, Karaipoondi Post, Polur Taluk, Thiruvannamalai District 606803 ",thiruvannamalai,chennai,self financing colleges
143,1605,"Idhaya Engineering College for Women, Chinnasalem, Kallakkurichi District 606201 ",kallakurichi,coimbatore,self financing colleges
144,2005,"Government College of Technology (Autonomous), Thadagam Road, Coimbatore District 641013 ",coimbatore,coimbatore,government college
145,2006,"PSG College of Technology (Autonomous), Peelamedu, Coimbatore District 641004 ",coimbatore,coimbatore,government aided college
146,2007,"Coimbatore Institute of Technology (Autonomous), Civil Aerodrome Post, Coimbatore District 641014 ",coimbatore,coimbatore,government aided college
147,2025,"Anna University Regional Campus - Coimbatore, Maruthamalai Main Road, Navavoor Bharathiyar University Post, Somayampalayam, Coimbatore District 641046 ",coimbatore,coimbatore,constituent colleges
148,2302,"Sri Shanmugha College of Engineering and Technology, Morur Bit II Village, Salem District 637302 ",salem,coimbatore,self financing colleges
149,2314,"Muthayammal College of Engineering, Kakkaveri Post, Namakkal District 637408 ",namakkal,coimbatore,self financing colleges
150,2327,"N S N College of Engineering and Technology, Karur-Madurai NH7, Manalmedu, Karur District 639003 ",karur,coimbatore,self financing colleges
151,2328,"K S R Institute for Engineering and Technology, Thokkavadi, Namakkal District 637215 ",Namakkal,coimbatore,self financing colleges
152,2329,"Rathinam Technical Campus, Pollachi Road, Eachanari, Coimbatore District 641021 ",coimbatore,coimbatore,self financing colleges
153,2332,"Aishwarya College of Engineering and Technology, Errattaikaradu Paruvachi Post, Anthiyur (Via), Bhavani Taluk, Erode District 638312 ",erode,coimbatore,self financing colleges
154,2338,"Asian College of Engineering and Technology, Asian College Road, Kondayampalayam, Near Saravanampatti, Coimbatore District 641110 ",coimbatore,coimbatore,self financing colleges
155,2341,"Ganesh College of Engineering, Attur Main Road, Mettupatti, Salem District 636111 ",salem,coimbatore,self financing colleges
156,2342,"Sri Ranganathar Institute of Engineering and Technology, Thudialur- Kovilpalay Road, Coimbatore District 641110 ",coimbatore,coimbatore,self financing colleges
157,2343,"Indian Institute of Handloom Technology, Foulke's Compound, Thillai Nagar, Salem District 636001 ",salem,coimbatore,cerci and cipet
158,2345,"Dhirajlal Gandhi College of Technology, Sikkanampatty, (Opp. to Airport), Omalur Taluk, Salem District 636309 ",salem,coimbatore,self financing colleges
159,2346,"Shree Sathyam College of Engineering and Technology, NH-47, Manjakkalpatti, Kuppanur Post, Sankari Taluk, Salem District 637301 ",salem,coimbatore,self financing colleges
160,2347,"AVS College of Technology, Attur Main Road, Near AVS College of Arts & Science, Chinnagoundapuram, Salem District 636106 ",Salem,coimbatore,self financing colleges
161,2349,"Dhaanish Ahmed Institute of Technology, Pichanur Post, (Near K G Chavadi), Coimbatore District 641105 ",coimbatore,coimbatore,self financing colleges
162,2350,"Jairupaa College of Engineering, Thottiapalayam, Kathankanni Post, Kangayam, Tiruppur District 641 604 ",tiruppur,coimbatore,self financing colleges
163,2354,"Pollachi Institute of Engineering and Technology, Main Road, Poosaripatti, Pollachi Taluk, Coimbatore District 642205 ",coimbatore,coimbatore,self financing colleges
164,2355,"Cheran College of Engineering, Karur-Coimbatore Main Road, NH-67, K.Paramathi Post, Aravakurichi Taluk, Karur District 639111 ",karur,coimbatore,self financing colleges
165,2356,"Arulmurugan College of Engineering, Karvazhi Road, Thennilai Post, Karur District 639206 ",karur,coimbatore,self financing colleges
166,2357,"V S B College of Engineering Technical Campus, Ealur Pirivu, Solavampalayam Post, Coimbatore District 642109 ",coimbatore,coimbatore,self financing colleges
167,2360,"Suguna College of Engineering, Kalappatti Road, Civil Aerodrome Post, Coimbatore District 641014 ",coimbatore,coimbatore,self financing colleges
168,2362,"HOSUR INSTITUTE OF TECH AND SCIENCE, Errandapalli Village, Hosur Taluk, Krishnagiri District ",krishnagiri,chennai,self financing colleges
169,2367,"Arjun College of Technology, Chettiyakkapalayam, Kinathukadavu, Coimbatore District 642120 ",coimbatore,coimbatore,self financing colleges
170,2369,"Government College of Engineering, Chettikkarai Post, Dharmapuri District 635704 ",dharmapuri,coimbatore,government college
171,2377,"PSG Institute of Technology and Applied Research, Avinashi Road, Neelambur, Coimbatore 641062 ",coimbatore,coimbatore,self financing colleges
172,2601,"Adhiyamaan College of Engineering (Autonomous), Hosur, Krishnagiri District 635109 ",krishnagiri,chennai,self financing colleges
173,2602,"Annai Mathammal Sheela Enginereing College, Erumapatty Post, Namakkal District 637013 ",namakkal,coimbatore,self financing colleges
174,2603,"Government College of Engineering (Autonomous), Bargur, Krishnagiri District 635104 ",krishnagiri,chennai,government college
175,2606,"Jayam College of Engineering and Technology, Nallanur Post, Dharmapuri District 636813 ",dharmapuri,coimbatore,self financing colleges
176,2607,"K S Rangasamy College of Technology (Autonomous), Tiruchengode, Namakkal District 637215 ",Namakkal,coimbatore,self financing colleges
177,2608,"M Kumarasamy College of Engineering (Autonomous), Thalavapalayam, Karur District 639113 ",karur,coimbatore,self financing colleges
178,2609,"Mahendra Engineering College (Autonomous), Mahendhirapuri, Mallasamudram, Namakkal District 637503 ",Namakkal,coimbatore,self financing colleges
179,2610,"Muthayammal Engineering College (Autonomous), Rasipuram, Namakkal District 637408 ",namakkal,coimbatore,self financing colleges
180,2611,"Paavai Engineering College (Autonomous) , NH-7, Pachal Post, Namakkal District 637018 ",namakkal,coimbatore,self financing colleges
181,2612,"P G P College of Engineering and Technology, Paramathi Post, Namakkal District 637207 ",namakkal,coimbatore,self financing colleges
182,2613,"K S R College of Engineering (Autonomous), Tiruchengode, Namakkal District 637215 ",namakkal,coimbatore,self financing colleges
183,2614,"S S M College of Engineering, Komarapalayam, Namakkal District 638183 ",namakkal,coimbatore,self financing colleges
184,2615,"Government College of Engineering (Autonomous), Karuppur, Salem District 636011 ",salem,coimbatore,government college
185,2616,"Sapthagiri College of Engineering, Periyanahalli Post, Dharmapuri District 635205 ",dharmapuri,coimbatore,self financing colleges
186,2617,"Sengunthar Engineering College (Autonomous), Tiruchengode, Namakkal District 637205 ",namakkal,coimbatore,self financing colleges
187,2618,"Sona College of Technology (Autonomous), Suramangalam Post, Salem District 636005 ",salem,coimbatore,self financing colleges
188,2620,"Vivekanandha College of Engineering for Women (Autonomous), Sathinaickenpalayam, Elayampalayam Village, Kumaramangalam, Namakkal District 637205 ",namakkal,coimbatore,self financing colleges
189,2621,"Er. Perumal Manimekalai College of Engineering, Near Koneripalli, Hosur, Krishnagiri District 635117 ",krishnagiri,chennai,self financing colleges
190,2622,"V S B Engineering College, Kovai Road, Karur District 639111 ",karur,coimbatore,self financing colleges
191,2623,"Mahendra College of Engineering, Attur Road, Minnampalli, Valapady, Salem District 636106 ",salem,coimbatore,self financing colleges
192,2624,"Gnanamani College of Technology, Pachal Post, Namakkal District 637018 ",namakkal,coimbatore,self financing colleges
193,2625,"The Kavery Engineering College, M Kalipatti Post, Mecheri, Salem District 634456 ",salem,coimbatore,self financing colleges
194,2627,"Selvam College of Technology, Pappanaickenpatti Post, Namakkal District 637003 ",namakkal,coimbatore,self financing colleges
195,2628,"Paavai College of Engineering, NH-7, Pachal Post, Namakkal District 637018 ",namakkal,coimbatore,self financing colleges
196,2629,"Sengunthar College of Engineering, Tiruchengode, Namakkal District 637205 ",namakkal,coimbatore,self financing colleges
197,2630,"Chettinad College of Engineering and Technology, NH-67, Trichy Main Road, Puliyur C F, Karur District 639114 ",karur,coimbatore,self financing colleges
198,2631,"King College of Technology, Nallur, N Pudupatty Post, Namakkal District 637020 ",Namakkal,coimbatore,self financing colleges
199,2632,"Mahendra Institute of Technology (Autonomous), Mahendhirapuri, Mallasamudram, Namakkal District 637503 ",Namakkal,coimbatore,self financing colleges
200,2633,"Vidhya Vikkas College of Engineering and Technology, Varahoorampatti, Tiruchengode, Namakkal District 637 214 ",namakkal,coimbatore,self financing colleges
201,2634,"Excel Engineering College (Autonomous), Pallakkapalayam, Sankari West Post, Namakkal District 637303 ",namakkal,coimbatore,self financing colleges
202,2635,"C M S College of Engineering, Emapuram Post, Namakkal District 637003 ",namakkal,coimbatore,self financing colleges
203,2636,"A V S Engineering College, Military Road, Ammapet, Salem District 636003 ",salem,coimbatore,self financing colleges
204,2638,"Mahendra Engineering College for Women, Kumaramangalam, Namakkal District 637205 ",Namakkal,coimbatore,self financing colleges
205,2639,"Narasus Sarathy Institute of Technology, Poosaripatty Village, Omalur Taluk, Salem District 636305 ",salem,coimbatore,self financing colleges
206,2640,"Jayalakshmi Institute of Technology, Thoppur, Dharmapuri District 635352 ",dharmapuri,coimbatore,self financing colleges
207,2641,"Varuvan Vadivelan Institute of Technology, Nallanahalli, Dharmapuri District 636701 ",dharmapuri,coimbatore,self financing colleges
208,2642,"P S V College of Engineeering and Technology, Mittapalli, Balinayanapalli Post, Elathagiri, Krishnagiri District 635108 ",krishnagiri,chennai,self financing colleges
209,2643,"Bharathiyar Institute of Engineering for Women, Deviayakurichi, Attur Taluk, Salem District 636112 ",salem,coimbatore,self financing colleges
210,2646,"Tagore Institute of Engineering and Technology, Deviyakurichi, Attur Taluk, Salem District 636112 ",salem,coimbatore,self financing colleges
211,2647,"J K K Nataraja College of Engineering and Technology, Komarapalayam Amani, Thattankuttai Panchayat, Namakkal District 638183 ",namakkal,coimbatore,self financing colleges
212,2648,"Annapoorana Engineering College, Sankari Main Road, NH-47, Periaseeragapadi, Salem District 636308 ",salem,coimbatore,self financing colleges
213,2650,"Christ the King Engineering College, Cecilia Gardens, Chikkarampalayam Village, Coimbatore District 641104 ",coimbatore,coimbatore,self financing colleges
214,2651,"Jai Shriram Engineering College, Dharapuram Road, Avinashi Palayam, Tiruppur District 638660 ",tiruppur,coimbatore,self financing colleges
215,2652,"Al-Ameen Engineering College (Autonomous), Karundevan Palayam, Nanjai Uthukuli Post, Erode District 638104 ",erode,coimbatore,self financing colleges
216,2653,"Knowledge Institute of Technology, KIOT Campus, Kakapalayam Post, Salem District 637504 ",salem,coimbatore,self financing colleges
217,2656,"Builders engineering college, Nathakadaiyur, Erode Road, Palayakottai Village, Kangeyam, Tiruppur District 638108 ",tiruppur,coimbatore,self financing colleges
218,2657,"Paavai College of Technology, NH-7, Pachal Post, Namakkal District 637018 ",namakkal,coimbatore,self financing colleges
219,2658,"V S A Group of Institutions, NH-47, Uthamasola Puram Post, Salem District 636010 ",salem,coimbatore,self financing colleges
220,2659,"Salem College of Engineering and Technology, Salem-Attur Main Road, NH-68, Mettupatty Perumapalayam, Salem District 636111 ",salem,coimbatore,self financing colleges
221,2661,"Vivekanandha College of Technology for Women, Sathinaickenpalayam, Elayampalayam Village, Kumaramangalam, Namakkal District 637205 ",namakkal,coimbatore,self financing colleges
222,2662,"Dr. Nagarathinams College of Engineering, Anadhagoundam Palayam, Minakkal Post, Rasipuram, Namakkal District 637505 ",namakkal,coimbatore,self financing colleges
223,2664,"Excel College of Engineering and Technology, Pallakapalayam, Sankari West Post, Namakkal District 637303 ",namakkal,coimbatore,self financing colleges
224,2665,"Mahendra Institute of Engineering and Technology, Mahendrapuri, Mallasamudram, Namakkal District 637503 ",Namakkal,coimbatore,self financing colleges
225,2666,"The Kavery College of Engineering, M Kalipatti Post, Mecheri, Salem District 636453 ",salem,coimbatore,self financing colleges
226,2673,"Sree Sakthi Engineering College, Bettathapuram, Bilichi Village, Karamadai, Coimbatore District 641104 ",coimbatore,coimbatore,self financing colleges
227,2682,"Ambal Professional Group of Institutions, Coimbatore to Trichy Road, K N Puram Post, Palladam Taluk, Tiruppur District 641662 ",tiruppur,coimbatore,self financing colleges
228,2683,"Shreenivasa Engineering College, B Pallipatti, Bommidi, Pappireddipatti Taluk, Dharmapuri District 635301 ",dharmapuri,coimbatore,self financing colleges
229,2702,"Bannari Amman Institute of Technology (Autonomous), Sathyamanagalam, Erode District 638401 ",erode,coimbatore,self financing colleges
230,2704,"Coimbatore Institute of Engineering and Technolgoy (Autonomous), Narasipuram Post, Coimbatore District 641109 ",coimbatore,coimbatore,self financing colleges
231,2705,"C S I College of Engineering, Ketti, The Nilgiris 643215 ",niligris,coimbatore,self financing colleges
232,2706,"Dr. Mahalingam College of Engineering and Technology (Autonomous), Mackinaickenpatti Post, Pollachi Taluk, Coimbatore District 642003 ",coimbatore,coimbatore,self financing colleges
233,2707,"Erode Sengunthar Engineering College (Autonomous), Thudupathi Post, Erode District 638057 ",erode,coimbatore,self financing colleges
234,2708,"Hindusthan College of Engineering and Technology (Autonomous), Othakkalmandapam Post, Coimbatore District 641032 ",coimbatore,coimbatore,self financing colleges
235,2709,"Institute of Road and Transport Technology, Vasavi College Post, Erode District 638316 ",erode,coimbatore,government college
236,2710,"Karpagam College of Engineering (Autonomous), Othakkalmandapam, Coimbatore District 641032 ",coimbatore,coimbatore,self financing colleges
237,2711,"Kongu Engineering College (Autonomous), Perundurai, Erode District 638052 ",erode,coimbatore,self financing colleges
238,2712,"Kumaraguru College of Technology (Autonomous), Chinnavedampatti Post, Coimbatore District 641006 ",coimbatore,coimbatore,self financing colleges
239,2713,"M P Nachimuthu M Jagannathan Engineering College, Chennimalai, Erode District 638112 ",erode,coimbatore,self financing colleges
240,2715,"Nandha Engineering College (Autonomous), Pitchandampalayam Post, Erode District 638052 ",erode,coimbatore,self financing colleges
241,2716,"Park College of Engineering and Technology, Kaniyur, Coimbatore District 641659 ",coimbatore,coimbatore,self financing colleges
242,2717,"Sasurie College of Engineering, Vijayamangalam, Tiruppur District 638056 ",tiruppur,coimbatore,self financing colleges
243,2718,"Sri Krishna College of Enginering and Technology (Autonomous) , Kuniamuthur, Coimbatore District 641008 ",coimbatore,coimbatore,self financing colleges
244,2719,"Sri Ramakrishna Engineering College (Autonomous), Vattamalaipalayam, Coimbatore District 641022 ",coimbatore,coimbatore,self financing colleges
245,2721,"Tamilnadu College of Engineering, Karumathampatti Post, Coimbatore District 641659 ",coimbatore,coimbatore,self financing colleges
246,2722,"Sri Krishna College of Technology (Autonomous) , Kovaipudur Post, Coimbatore District 641042 ",coimbatore,coimbatore,self financing colleges
247,2723,"Velalar College of Engineering and Technology (Autonomous), Thindal Post, Erode District 638009 ",erode,coimbatore,self financing colleges
248,2725,"Sri Ramakrishna Institute of Technology (Autonomous), Pachapalayam, Coimbatore District 641010 ",coimbatore,coimbatore,self financing colleges
249,2726,"S N S College of Technology (Autonomous), Kalappatti Post, Coimbatore District 641035 ",coimbatore,coimbatore,self financing colleges
250,2727,"Sri Shakthi Institute of Engineering and Technology (Autonomous), L&T Bye-Pass, Venkitapuram Post, Comibatore District 641062 ",coimbatore,coimbatore,self financing colleges
251,2729,"Nehru Institute of Engineering and Technology, Thirumalayampalayam Post, Coimbatore District 641105 ",coimbatore,coimbatore,self financing colleges
252,2731,"R V S College of Engineering and Technology, Kannampalayam, Sulur, Coimbatore District 641402 ",coimbatore,coimbatore,self financing colleges
253,2732,"INFO Institute of Engineering, Sarkar Samakulam, Coimbatore District 641107 ",coimbatore,coimbatore,self financing colleges
254,2733,"Angel College of Engineering and Technology, P.K.Palayam, Ugayanur Village, Tirupur District 641 665 ",tiruppur,coimbatore,self financing colleges
255,2734,"S N S College of Engineering (Autonomous), Sathy Main Road, Kurumbapalayam Post, Coimbatore District 641107 ",coimbatore,coimbatore,self financing colleges
256,2735,"Karpagam Institute of Technology, Seerapalayam Village, L&T By pass Road, Coimbatore District 641021 ",coimbatore,coimbatore,self financing colleges
257,2736,"Dr. N G P Institute of Technology, Kalapatti Road, Coimbatore District 641035 ",coimbatore,coimbatore,self financing colleges
258,2737,"Sri Sai Ranganathan Engineering College, ZahirnaickenpalayamVillage, Viraliyur Post, Thondamuthur Via, Coimbatore District 641109  ",coimbatore,coimbatore,self financing colleges
259,2739,"Sri Eshwar College of Engineering (Autonomous), Kondampatti Post, Vadasithur (Via), Kinathukadavu, Coimbatore District 641202 ",coimbatore,coimbatore,self financing colleges
260,2740,"Hindustan Institute of Technology (Autonomous), Othakkalmandapam, Coimbatore District 641032 ",coimbatore,coimbatore,self financing colleges
261,2741,"P A College of Engineering and Technology (Autonomous), Palladam Road, Pollachi, Coimbatore District 642002 ",coimbatore,coimbatore,self financing colleges
262,2743,"Dhanalakshmi Srinivasan College of Engineering, NH47, Palakkad Main Road, Navakkarai Post, Near Nandhi Temple, Coimbatore District 641105 ",coimbatore,coimbatore,self financing colleges
263,2744,"Adithya Institute of Technology, Kurumbapalayam Village, Coimbatore District 641107 ",coimbatore,coimbatore,self financing colleges
264,2745,"Kathir College of Engineering, Neelambur, Avinashi Road, Coimbatore District 641062 ",coimbatore,coimbatore,self financing colleges
265,2747,"Shree Venkateshwara Hi-Tech Engineering College, Othakuthirai, K Mettupalayam Post, Gobichettipalayam, Erode District 638455 ",erode,coimbatore,self financing colleges
266,2748,"Surya Engineering College, Mettukadai, Kathirampatti Post, Erode District 638107 ",erode,coimbatore,self financing colleges
267,2749,"EASA College of Engineering and Technology, NH-47, Coimbatore- Palakkad Main Road, Navakarai Post, Coimbatore District 641105 ",coimbatore,coimbatore,self financing colleges
268,2750,"KIT-Kalaignar Karunanidhi Institute of Technology (Autonomous), Kannampalayam, Coimbatore District 641402 ",coimbatore,coimbatore,self financing colleges
269,2751,"KGISL Institute of Technology, KGISL Campus, Thudiyalur Road, Saravanampatti, Coimbatore District 641035 ",coimbatore,coimbatore,self financing colleges
270,2752,"Nandha College of Technology, Pitchandampalayam Post, Erode District 638052 ",erode,coimbatore,self financing colleges
271,2753,"P P G Institute of Technology, Vilankurichi Village, Coimbatore District 641035 ",coimbatore,coimbatore,self financing colleges
272,2755,"Nehru Institute of Technology, Thirumalayampalayam Post, Coimbatore District 641105 ",coimbatore,coimbatore,self financing colleges
273,2758,"J K K Muniraja College of Technology, T N Palayam, Gobi Taluk, Erode District 638506 ",erode,coimbatore,self financing colleges
274,2761,"United Institute of Technology, Gadalore Village, Perianaickenpalayam, Coimbatore District 641020 ",coimbatore,coimbatore,self financing colleges
275,2762,"Jansons Institute of Technology, Karumathampatty, Somaur, Coimbatore District 641659 ",coimbatore,coimbatore,self financing colleges
276,2763,"Akshaya College of Engineering and Technology, Kinathukadavu, Coimbatore District 642109 ",Coimbatore,coimbatore,self financing colleges
277,2764,"K P R Institute of Engineering and Technology (Autonomous), Kollupalayam Village, Arasur Panchayat, Coimbatore District 641407 ",coimbatore,coimbatore,self financing colleges
278,2767,"SRG Engineering College, Aniyapuram Post, Namakkal District 637017 ",namakkal,coimbatore,self financing colleges
279,2769,"J C T College of Engineering and Technology, Pichanur, Coimbatore District 641105 ",coimbatore,coimbatore,self financing colleges
280,2770,"Study World College of Engineering, Madukarai Post, Coimbatore - 641 105. ",coimbatore,coimbatore,self financing colleges
281,2772,"C M S College of Engineering and Technology, Appachigoundenpathy, Kumittipatti, Coimbatore District 641105 ",coimbatore,coimbatore,self financing colleges
282,2776,"R V S Technical Campus-Coimbatore, Kumaran Kottam Campus, Kannampalayam, Sulur, Coimbatore District 641 402 ",coimbatore,coimbatore,self financing colleges
283,3011,"University College of Engineering, Tiruchirappalli, (Bharathidasan Institute of Technology), Tiruchirappalli District 620024 ",tiruchirappalli,thanjavur,constituent colleges
284,3016,"University College of Engineering, Ariyalur, Kathankudikadu Village, Thelur Post, Ariyalur District 621704 ",ariyalur,thanjavur,constituent colleges
285,3018,"University College of Engineering, Thirukkuvalai, Nagappattinam District 610204 ",Nagapattinam,coimbatore,constituent colleges
286,3019,"University College of Engineering, Panruti, Chennai-Kumbakonam Highway, Panikkankuppam, Panruti, Cuddalore District 607106 ",cuddalore,thanjavur,constituent colleges
287,3021,"University College of Engineering, Pattukkottai, ECR Road, Rajamadam, Pattukkottai Taluk, Thanjavur District 614701 ",thanjavur,thanjavur,constituent colleges
288,3403,"Mahalakshmi Engineering College, Trichy-Salem Highways, (Near No.1 Tollgate), Melpathu, Siruganbur Post, Tiruchirappalli District 621213 ",tiruchirappalli,thanjavur,self financing colleges
289,3410,"Krishnaswamy Collge of Engineering and Technology, S Kumarapuram, Cuddalore District 607109 ",cuddalore,thanjavur,self financing colleges
290,3425,"C K College of Engineering and Technology, Chellangkuppam, Cuddalore District 607003 ",cuddalore,thanjavur,self financing colleges
291,3451,"SMR East Coast College of Engineering & Technology, East Coast Road, Somanathapattinam, Thanjavur District 614612 ",thanjavur,thanjavur,self financing colleges
292,3454,"Sri Ramakrishna College of Engineering, Sri Saradha Nagar, NH-45, Perambalur District 621113 ",perambalur,thanjavur,self financing colleges
293,3456,"K S K College of Engineering and Technology, Thanjavur Main Road, Darasuram, Kumbakonam, Thanjavur District 612702 ",thanjavur,thanjavur,self financing colleges
294,3458,"Dhanalakshmi Srinivasan Institute of Research and Technology, NH- 45, Trichy–Chennai Main Road, Siruvachur, Perambalur District 621113 ",perambalur,thanjavur,self financing colleges
295,3459,"Dhanalakshmi Srinivasan Institute of Technology, Samayapuram, Chennai-Trichy Main Road, Tiruchirappalli District 621112 ",Tiruchirappalli,thanjavur,self financing colleges
296,3460,"Surya College of Engineering, Konalai, Tiruchirappalli District 621132 ",tiruchirappalli,thanjavur,self financing colleges
297,3461,"Arifa Institute of Technology(Formerly Haji sheik Ismail Engineering College), Esanoor, Keelaiyur Post, Thirukkuvalai Taluk, Nagapattinam District 611103 ",nagapattinam,coimbatore,self financing colleges
298,3462,"Ariyalur Engineering College, NH-227, Trichy-Chithambaram NH, Karuppur-Senapathy Post, Ariyalur District 621707 ",ariyalur,thanjavur,self financing colleges
299,3464,"Government College of Engineering, Gandarvakottai Road, Sengipatti, Thanjavur District 613402 ",thanjavur,thanjavur,government college
300,3465,"Government College of Engineering, Srirangam, Sethurappatti, Tiruchirappalli District 620012 ",Tiruchirappalli,thanjavur,government college
301,3466,"Nelliandavar Institute of Technology, Nerunjikorai Village, Pudhupalayam, Ariyalur Taluk, Ariyalur District 621704 ",ariyalur,thanjavur,self financing colleges
302,3701,"K Ramakrishnan College of Technology, Kariyamanickam Road, Samayapuram, Manachanallur Taluk, Tiruchirappalli District 621112 ",tiruchirappalli,thanjavur,self financing colleges
303,3760,"Sir Issac Newton College of Engineering and Technology, Anthanapeetai Post, Papakoil, Nagappattinam District 611102 ",Nagapattinam,coimbatore,self financing colleges
304,3766,"Star Lion College of Engineering & Technology, Manankorai Main Road, Manankorai Village, Thanjavur District 614206 ",thanjavur,thanjavur,self financing colleges
305,3782,"OASYS Institute of Technology , Pulivalam Village, Musiri Taluk, Tiruchirappalli District 626001 ",tiruchirappalli,thanjavur,self financing colleges
306,3786,"M.A.M. School of Engineering, Siruganur, Tiruchirappalli District 621105 ",tiruchirappalli,thanjavur,self financing colleges
307,3795,"SRM TRP Engineering College, Irungalur, Manachanallur Taluk, Tiruchirappalli District 621105 ",tiruchirappalli,thanjavur,self financing colleges
308,3801,"A V C College of Engineering, Mannampandal Post, Mayiladuthurai, Nagappattinam District 609305 ",nagapattinam,coimbatore,self financing colleges
309,3802,"Shri Angalamman College of Engineering and Technology Siruganoor, Tiruchirappalli District 621105 ",tiruchirappalli,thanjavur,self financing colleges
310,3803,"Anjalai Ammal-Mahalingam Engineering College, Kovilvenni, Thiruvarur District 614403 ",thiruvarur,coimbatore,self financing colleges
311,3804,"Arasu Engineering College, Chennai Main Road, Kumbakonam, Thanjavur District 612501 ",thanjavur,thanjavur,self financing colleges
312,3805,"Dhanalakshmi Srinivasan Engineering College (Autonomous), Thuraiyur Road, Perambalur District 621212 ",perambalur,thanjavur,self financing colleges
313,3806,"E G S Pillay Engineering College (Autonomous), Nagapattinam District 611002 ",nagapattinam,coimbatore,self financing colleges
314,3807,"J J College of Engineering and Technology, Poolankulathupatti Post, Thiruchirappalli District 620009 ",thiruchirappalli,thanjavur,self financing colleges
315,3808,"Jayaram College of Engineering and Technology , Pagalavadi Post, Tiruchirappalli District 621014 ",thiruchirappalli,thanjavur,self financing colleges
316,3809,"Kurinji College of Engineering and Technology, Manapparai, Tiruchirappalli District 621307 ",tiruchirappalli,thanjavur,self financing colleges
317,3810,"M.A.M. College of Engineering, Siruganur, Tiruchirappalli District 621105 ",tiruchirappalli,thanjavur,self financing colleges
318,3811,"M I E T Engineering College, Trichy-Pudukkottai Road, Tiruchirappalli District 620007 ",tiruchirappalli,thanjavur,self financing colleges
319,3812,"Mookambigai College of Engineering, Keeranur, Pudukkottai District 622502 ",pudukkottai,thanjavur,self financing colleges
320,3813,"Oxford Engineering College, Pirattiyur(W), Tiruchirappalli District 620009 ",tiruchirappalli,thanjavur,self financing colleges
321,3814,"P R Engineering College, Vallam, Thanjavur District 613403 ",thanjavur,thanjavur,self financing colleges
322,3815,"Pavendhar Bharathidasan College of Engineering and Technology, Pudukkottai Main Road, Tiruchirappalli District 620024 ",tiruchirappalli,thanjavur,self financing colleges
323,3817,"Roever Engineering College, Elambalur, Perambalur District 621212 ",perambalur,thanjavur,self financing colleges
324,3819,"Saranathan College of Engineering, Panjappur, Tiruchirappalli District 620012 ",tiruchirappalli,thanjavur,self financing colleges
325,3820,"Trichy Engineering College, Konalai, Tiruchirappalli District 621132 ",tiruchirappalli,thanjavur,self financing colleges
326,3821,"A R J College of Engineering and Technology, Mannargudi Taluk, Thiruvarur District 614001 ",thiruvarur,coimbatore,self financing colleges
327,3822,"Dr. Navalar Nedunchezhian College of Engineering, Tholudur, Cuddalore District 606303 ",cuddalore,thanjavur,self financing colleges
328,3825,"St. Josephs College of Engineering and Technology, Elupatti Village, Rawaspatti Post, Thanjavur District 613403 ",thanjavur,thanjavur,self financing colleges
329,3826,"Kongunadu College of Engineering and Technology (Autonomous), Tholurpatti, Thottiyam, Tiruchirappalli District 621215 ",tiruchirappalli,thanjavur,self financing colleges
330,3829,"M.A.M. College of Engineering and Technology, Trichy-Chennai Trunk Road, Siruganur, Tiruchirappalli District 621105 ",tiruchirappalli,thanjavur,self financing colleges
331,3830,"K Ramakrishnan College of Engineering (Autonomous), Kariyamanickam Road, Samayapuram, Manachanallur Taluk, Tiruchirappalli District 621112 ",tiruchirappalli,thanjavur,self financing colleges
332,3831,"Indra Ganesan College of Engineering, Madurai Main Road, Manikandam, Tiruchirappalli District 620012 ",tiruchirappalli,thanjavur,self financing colleges
333,3833,"Parisutham Institute of Technology and Science, Ring Road, Nanjikottai, Thanjavur District 613006 ",thanjavur,thanjavur,self financing colleges
334,3841,"CARE College of Engineering, Thayanoor Village, Thayanoor Village, Kuttappatti, Srirangam Taluk, Tiruchirappalli District 620009 ",Tiruchirappalli,thanjavur,self financing colleges
335,3843,"M R K Institute of Technology, Nattarmangalam Village, Kattumannarkoil, Cuddalore District 608306 ",cuddalore,thanjavur,self financing colleges
336,3844,"Shivani Engineering College, Ammapettai, Srirangam, Tiruchirappalli District 620009 ",tiruchirappalli,thanjavur,self financing colleges
337,3845,"Imayam College of Engineering, Kannanur, Thuraiyur, Tiruchirappalli District 621206 ",tiruchirappalli,thanjavur,self financing colleges
338,3846,"Mother Terasa College of Engineering and Technology, Mettusalai Post and Taluk, Pudukkottai District 622102 ",pudukkottai,thanjavur,self financing colleges
339,3847,"Roever College of Engineering and Technology, Elambalur, Perambalur District 621212 ",perambalur,thanjavur,self financing colleges
340,3848,"Vandayar Engineering College, Pulavarnatham Post, Mariamman Koil (Via), Thanjavur District 613001 ",thanjavur,thanjavur,self financing colleges
341,3849,"Annai College of Engineering and Technology, Kovilacheri, Kumbakonam, Thanjavur District 612503 ",thanjavur,thanjavur,self financing colleges
342,3850,"Vetri Vinayaha College of Engineering and Technology, Namakkal- Trichy Main Road, Tholurpatti Village, Thottiam, Tiruchirappalli District 621215 ",tiruchirappalli,thanjavur,self financing colleges
343,3852,"Sri Bharathi Engineering College for Women, Kaikkuruchi Village, Alangudi Taluk, Pudukkottai District 622303 ",pudukkottai,thanjavur,self financing colleges
344,3854,"Mahath Amma Institute of Engineering and Technology (MIET), Ariyur, Annavasal Road, Illupur Taluk, Pudukkottai District 622101 ",pudukkottai,thanjavur,self financing colleges
345,3855,"As-Salam College of Engineering and Technology, Thirumangalakudi, Aduthurai, Thiruvidaimaruthur, Thanjavur District 612102 ",thanjavur,thanjavur,self financing colleges
346,3857,"Meenakshi Ramaswamy Engineering College, Trichy Main Road, Thathanur, Udayarpalayam, Ariyalur District 621804 ",ariyalur,thanjavur,self financing colleges
347,3859,"Sembodai Rukmani Varatharajan Engineering College, Sembodai Village, Vedaraniam, Nagappattinam District 614820 ",Nagapattinam,coimbatore,self financing colleges
348,3860,"St. Annes College of Engineering and Technology, Anguchettypalayam, Siruvathur Post, Panruti, Cuddalore District 607110 ",cuddalore,thanjavur,self financing colleges
349,3905,"Kings College of Engineering, Punalkulam, Pudukkottai District 613303 ",pudukkottai,thanjavur,self financing colleges
350,3908,"Mount Zion College of Engineering and Technology, Pilivalam Post, Pudukkottai District 622507 ",pudukkottai,thanjavur,self financing colleges
351,3918,"Shanmuganathan Engineering College, Pillivalam Post, Pudukkottai District 622507 ",pudukkottai,thanjavur,self financing colleges
352,3920,"Sudharsan Engineering College, Sathiyamangalam Post, Pudukkottai District 622501 ",pudukkottai,thanjavur,self financing colleges
353,3923,"M N S K College of Engineering, Vallathirakkottai Post, Pudukkottai District 622305 ",pudukkottai,thanjavur,self financing colleges
354,3926,"CHENDURAN COLLEGE OF ENGINEERING & TECHNOLOGY, THIRUMAYAM PUDUKOTTAI - 622507 ",pudukottai,thanjavur,self financing colleges
355,4020,"Anna University Regional Campus - Tirunelveli, Trivandrum Road, Palayamkottai, Tirunelveli District 627007 ",tirunelveli,madurai,constituent colleges
356,4023,"University College of Engineering, Nagercoil, Nagercoil Industrial Estate, Konam, Kanyakumari District 629004 ",kanyakumari,madurai,constituent colleges
357,4024,"University V.O.C. College of Engineering, Thoothukudi, Near V.O.C. College, Millerpuram, Thoothukudi District 628008 ",thoothukudi,madurai,constituent colleges
358,4669,"Thamirabharani Engineering College, Chathirampudukulam Village, Thatchanallur, Tirunelveli District 625358 ",tirunelveli,madurai,self financing colleges
359,4670,"Rohini College of Engineering & Technology, Anjugramam- Kanyakumari Main Road, Palkulam, Variyoor Post, Kanyakumari District 629401 "," kanyakumari",madurai,self financing colleges
360,4672,"Stella Marys College of Engineering, Arunthengan Vilai, Azhikal Post, Kanyakumari District 629202 ",kanyakumari,madurai,self financing colleges
361,4675,"Universal College of Engineering and Technology, Anbagam Campus, Radhapuram Road, Vallioor, Tirunelveli District 627117 ",tirunelveli,madurai,self financing colleges
362,4676,"Renganayagi Varatharaj College of Engineering, Salvarpatti, Sivakasi, Virudhunagar District 626128 ",virudhunagar,madurai,self financing colleges
363,4677,"Lourdes Mount College of Engineering and Technology, Marthandam- Karungal Road, Chundavilai, Mullanganavilai, Nattalam Post, Kanyakumari District 629195 "," kanyakumari",madurai,self financing colleges
364,4678,"Ramco Institute of Technology, North venganallur Village, Krishnapuram Panchayat, Rajapalayam, Virudhunagar District 626117 ",virudhunagar,madurai,self financing colleges
365,4680,"AAA College of Engineering and Technology, Kamarajar Educational Road, Amathur Village, Sivakasi, Virudhunagar District 626005 ",virudhunagar,madurai,self financing colleges
366,4686,"GOOD SHEPHERD COLLEGE OF ENGINEERING AND TECHNOLOGY, MARUTHAMPARAI, KANYAKUMARI ",kanyakumari,madurai,self financing colleges
367,4864,"V V College of Engineering, Arasoor Village, Idaichivilai Post, Santhakulam Taluk, Thoothukudi District 628656 ",thoothukudi,madurai,self financing colleges
368,4917,"Sethu Institute of Technology (Autonomous), Kariapatti Post, Virudhunagar District 626106 ",virudhunagar,madurai,self financing colleges
369,4927,"Maria College of Engineering and Technology, Attoor Puliyamoodu Junction, Thiruvattar Post, Kanyakumari District 629177 ",kanyakumari,madurai,self financing colleges
370,4928,"MAR Ephraem College of Engineering & Technology, Malankara Hills, Elavuvillai, Marthandam, Kanyakumari District 629171 ",kanyakumari,madurai,self financing colleges
371,4929,"M E T Engineering College, Mogals Garden, Thovalai Village, Aralvaimozhi Town Panchayat, Thovalai, Kanyakumari District 629304 ",kanyakumari,madurai,self financing colleges
372,4931,"Grace College of Engineering, Chandy Nagar, Mullakkadu, Thoothukudi District 628005 ",thoothukudi,madurai,self financing colleges
373,4932,"Immanuel Arasar J J College of Engineering, Anappara, Edavilagam, Nattalam, Kanyakumari District 629195 ",kanyakumari,madurai,self financing colleges
374,4933,"St. Mother Theresa Engineering College, Vagaikulam, Thoothukudi District 628102 ",thoothukudi,madurai,self financing colleges
375,4934,"Holy Cross Engineering College, Vagaikulam, Sri Mulakarai, Srivaikuntam, Thoothukudi District 628851 ",thoothukudi,madurai,self financing colleges
376,4937,"A R College of Engineering and Technology, Kadayam-Alangulam Road, Therikkumadathoor Post, Tenkasi District 627423 ",tenkasi,madurai,self financing colleges
377,4938,"Sivaji College of Engineering and Technology, Manivilla Palulai Panchayat, Vilavancode, Kanyakumari District 629170 ",Kanyakumari,madurai,self financing colleges
378,4941,"Unnamalai Institute of Technology, Ayyaneri, Kovilpatti, Thoothukudi District 628502 ",thoothukudi,madurai,self financing colleges
379,4943,"Satyam College of Engineering & Technology, Kannappannallur, Aralvaimozhi, Kanyakumari District 629301 ",kanyakumari,madurai,self financing colleges
380,4944,"Arunachala College of Engineering for Women, Thanka Gardens, Manavilai, Vellichanthai, Nagercoil, Kanyakumari District 629203 ",kanyakumari,madurai,self financing colleges
381,4945,"Vins Christian Womens College of Engineering, Chunkankadai Post, Nagercoil, Kanyakumari District 629807 ",kanyakumari,madurai,self financing colleges
382,4946,"D M I Engineering College, Aralvaimozhi Village, Thovalai, Kanyakumari District 629301 ",kanyakumari,madurai,self financing colleges
383,4948,"Rajas Institute of Technology , Ozhuginasery, Nagercoil, Kanyakumari District 629001 ",kanyakumari,madurai,self financing colleges
384,4949,"P S N Institute of Technology & Science, Melathediyoor, Tirunelveli District 627152 ",tirunelveli,madurai,self financing colleges
385,4952,"C S I Institute of Technology, Thovalai, Kanyakumari District 629302 ",kanyakumari,madurai,self financing colleges
386,4953,"CAPE Institute of Technology, Levingipuram, Tirunelveli District 627114 ",tirunelveli,madurai,self financing colleges
387,4954,"Dr. Sivanthi Aditanar College of Engineering, Tiruchendur, Thoothukudi District 628215 ",thoothukudi,madurai,self financing colleges
388,4955,"Francis Xavier Engineering College (Autonomous), Vannarpettai, Tirunelveli District 627003 ",tirunelveli,madurai,self financing colleges
389,4956,"Jayamatha Engineering College, Aralvaimozhi, Kanyakumari District - 629301 ",kanyakumari,madurai,self financing colleges
390,4957,"Jayaraj Annapackiam CSI College of Engineering, Nazareth, Thoothukudi District 628617 ",thoothukudi,madurai,self financing colleges
391,4959,"Kamaraj College of Engineering and Technology (Autonomous), Virudhunagar District 626001 ",virudhunagar,madurai,self financing colleges
392,4960,"Mepco Schlenk Engineering College (Autonomous), Sivakasi, Virudhunagar District 626005 ",virudhunagar,madurai,self financing colleges
393,4961,"Nellai College of Engineering, Maruthakulam Post, Tirunelveli District 627151 ",tirunelveli,madurai,self financing colleges
394,4962,"National Engineering College (Autonomous), Kovilpatti, Thoothukudi District 628503 ",thoothukudi,madurai,self financing colleges
395,4964,"P S N College of Engineering and Technology (Autonomous), Melathediyoor, Tirunelveli Dstrict 627152 ",tirunelveli,madurai,self financing colleges
396,4965,"P S R Engineering College (Autonomous), Appayanaickenpatti, Sevalpatti, Virudhunagar District 626140 ",virudhunagar,madurai,self financing colleges
397,4966,"PET Engineering College, Vallioor Post, Tirunelveli District 627117 ",tirunelveli,madurai,self financing colleges
398,4967,"S Veerasamy Chettiar College of Engineering and Technology, Puliangudi Post, Tenkasi District 627855 ",tenkasi,madurai,self financing colleges
399,4968,"Sardar Raja College of Engineering, Alangulam, Tenkasi District 627808 ",tenkasi,madurai,self financing colleges
400,4969,"SCAD College of Engineering and Technology, Cheranmahadevi, Tirunelveli District 627414 ",tirunelveli,madurai,self financing colleges
401,4970,"Sree Sowdambiga College of Engineering, Aruppukkottai Taluk, Virudhunagar District 626134 ",virudhunagar,madurai,self financing colleges
402,4971,"St. Xavier Catholic College of Engineering, Chunkankadai, Nagercoil, Kanyakumari District 629807 ",kanyakumari,madurai,self financing colleges
403,4972,"AMRITA College of Engineering and Technology, Erachakulam Post, Kanyakumari District 629902 ",kanyakumari,madurai,self financing colleges
404,4973,"Rajas Engineering College , Vadakkangulam, Tirunelveli District 627116 ",tirunelveli,madurai,self financing colleges
405,4974,"Government College of Engineering, Tirunelveli District 627007 ",Tirunelveli,madurai,government college
406,4975,"Dr. G U Pope College of Engineering, Sawyerpuram, Thoothukudi District 628251 ",thoothukudi,madurai,self financing colleges
407,4976,"Infant Jesus College of Engineering, Thoothukudi Highway (NH7/A), Thoothukudi District 628851 ",thoothukudi,madurai,self financing colleges
408,4977,"Narayanaguru College of Engineering, Manjalumoodu, Kanyakumari District 629151 ",kanyakumari,madurai,self financing colleges
409,4978,"Udaya School of Engineering, Ammandivilai Post, Kanyakumari District 629204 ",kanyakumari,madurai,self financing colleges
410,4979,"V P Muthaiah Pillai Meenakshi Ammal Engineering College for Women, Srivilliputhur Taluk, Virudhunagar District 626190 ",virudhunagar,madurai,self financing colleges
411,4980,"Einstein College of Engineering, Seethaparpanallur, Tirunelveli District 627012 ",tirunelveli,madurai,self financing colleges
412,4981,"Ponjesly College of Engineering, Vettornimadam Post, Nagercoil, Kanyakumari District 629003 ",kanyakumari,madurai,self financing colleges
413,4982,"Vins Christian College of Engineering, Chunkankadai Post, Nagercoil, Kanyakumari District 629807 ",kanyakumari,madurai,self financing colleges
414,4983,"Lord Jegannath College of Engineering and Technology, Kumarapuram, Thoppur Post, Kanyakumari District 629402 ","kanyakumari ",madurai,self financing colleges
415,4984,"Marthandam College of Engineering & Technology, Kuttakuzhi, Veeyanoor Post, Kanyakumari District 629177 ",kanyakumari,madurai,self financing colleges
416,4989,"P S N Engineering College, Melathediyoor, Tirunelveli District 627152 ",tirunelveli,madurai,self financing colleges
417,4992,"Bethlahem Institute of Engineering, Karungal, Kanyakumari District 629157 ",kanyakumari,madurai,self financing colleges
418,4993,"Loyola Institute of Technology and Science, Loyola Nagar, P B No.2, Thovalai, Kanyakumari District 629302 ",kanyakumari,madurai,self financing colleges
419,4994,"J P College of Engineering, College Road, Ayakudy, Tenkasi Taluk, Tenkasi District 627852 ",tenkasi,madurai,self financing colleges
420,4995,"P S R Rengasamy College of Engineering for Women, Appayanaickenpatti, Sevalpatti, Virudhunagar District 626140 ",virudhunagar,madurai,self financing colleges
421,4996,"Sri Vidhya College of Engineering and Technology, Sivakasi Main Road, P Kumaralinapuram, Virudhunagar District 626005 ",virudhunagar,madurai,self financing colleges
422,4998,"Mahakavi Bharathiyar College of Engineering and Technology, Vasudevanallur, Tenkasi District 627758 ",tenkasi,madurai,self financing colleges
423,4999,"Annai Vailankanni College of Engineering, Pothaiyadi Salai, Pottalkulam, Azhagappapuram, Kanyakumari District 629401 ",kanyakumari,madurai,self financing colleges
424,5008,"Thiagarajar College of Engineering (Autonomous),Tirupparankundram, Madurai District 625015 ",madurai,madurai,government aided college
425,5009,"Government College of Engineering, Melachokkanathapuram, Bodinayakkanur, Theni District 625582 ",theni,madurai,government college
426,5010,"Anna University Regional Campus - Madurai, Kanyakumari National Highway, Keelakuilkudi, Madurai District 625019 ",madurai,madurai,constituent colleges
427,5012,"Central Electrochemical Research Institute CECRI), Karaikudi, Sivagangai District 630006 ",sivagangai,madurai,cerci and cipet
428,5017,"University College of Engineering, Ramanathapuram, Pullangudi, Ramanathapuram District 623513 ",ramanathapuram,madurai,constituent colleges
429,5022,"University College of Engineering, Dindigul, Mangarai Pirivu, Reddiyarchathiram, Dindigul District 624622 ",dindigul,madurai,constituent colleges
430,5502,"Sree Raaja Raajan College of Engineering & Technology, Amaravathi Village, Amaravathi Pudur Post, Karaikudi, Sivagangai District 630301 ",sivagangai,madurai,self financing colleges
431,5530,"SSM Institute of Engineering and Technology, Kuttathupatti Village, Sindalaigundu Post, Dindigul District 624002 ",dindigul,madurai,self financing colleges
432,5532,"Vaigai College of Engineering, Therkutheru, Melur Taluk, Madurai District 625122 ",madurai,madurai,self financing colleges
433,5533,"Karaikudi Institute of Technology, KIT & KIM Technical Campus, Keeranipatti, Thalakkuvur, Karaikudi, Sivagangai District 630307 ",sivagangai,madurai,self financing colleges
434,5536,"Mangayarkarasi College of Engineering, First Street, Mangayarkarasi Nagar, Paravai, Madurai District 625402 ",madurai,madurai,self financing colleges
435,5537,"Jainee College of Engineering and Technology, Dindigul-Theni Main Road (Near Vakkampatti), Dindigul District 624303 ",dindigul,madurai,self financing colleges
436,5703,"Christian College of Engineering and Technology, Oddanchatram, Dindigul District 624619 ",dindigul,madurai,self financing colleges
437,5720,"Sri Subramanya College of Engineering and Technology, Sukkamanaickanpatti, Palani, Dindigul District 624615 ",dindigul,madurai,self financing colleges
438,5832,"N P R College of Engineering and Technology, Natham, Dindigul District 624003 ",dindigul,madurai,self financing colleges
439,5842,"Madurai Institute of Engineering & Technology, Pottapalayam Village, Manamadurai Taluk, Sivagangai District 630611 ",sivagangai,madurai,self financing colleges
440,5851,"Veerammal Engineering College, K Singarakottai, Dindigul District 624708 ",dindigul,madurai,self financing colleges
441,5862,"R V S Educational Trust’s Groups of Institutions (Integrated Campus), N Paraipatti Post, Vedasandur Taluk, Dindigul District 624005 ",dindigul,madurai,self financing colleges
442,5865,"Nadar Saraswathi College of Engineering and Technology, Vadupudupatti, Annanji Post, Theni District 625531 ",theni,madurai,self financing colleges
443,5901,"Alagappa Chettair Government College of Engineering and Technology (Autonomous), Karaikudi, Sivagangai District 630004 ",sivagangai,madurai,government college
444,5902,"Bharath Niketan Engineering College, Thimmarasanaickanoor, Aundipatti, Theni District 625536 ",theni,madurai,self financing colleges
445,5904,"K L N College of Engineering (Autonomous), Pottapalayam, Sivagangai District 630611 ",sivagangai,madurai,self financing colleges
446,5907,"Mohamed Sathak Engineering College, Kilakarai, Ramanathapuram District 623806 ",ramanathapuram,madurai,self financing colleges
447,5910,"P S N A Colllege of Engineering and Technology, Dindigul District 624622 ",dindigul,madurai,self financing colleges
448,5911,"P T R College of Engineering and Technology, Austinpatty Post, Madurai District 625008 ",madurai,madurai,self financing colleges
449,5912,"Pandian Saraswathi Yadav Engineering College, Thirumansolai Post, Sivagangai District 630 561 ",sivagangai,madurai,self financing colleges
450,5913,"R V S College of Engineering, N Paraipatti Post, Dindigul District 624005 ",dindigul,madurai,self financing colleges
451,5914,"SOLAMALAI COLLEGE OF ENGINEERIG, Veerapanjan, Madurai District 625020 ",madurai,madurai,self financing colleges
452,5915,"SACS-M A V M M Engineering College, Kidaripatty Post, Madurai District 625001 ",madurai,madurai,self financing colleges
453,5919,"St. Michael College of Engineering and Technology, Kalayarkoil, Sivagangai District 630551 ",sivagangai,madurai,self financing colleges
454,5921,"Syed Ammal Engineering College, Achuthan Vayal Post, Ramanathapuram District 623502 ",ramanathapuram,madurai,self financing colleges
455,5924,"Ganapathy Chettiar College of Engineering and Technology, Melakavanur Post, Paramakudi, Ramanathapuram District 623706 ",ramanathapuram,madurai,self financing colleges
456,5930,"SBM College of Engineering and Technology, Thamaraipady, T N Paraipatti Pirivu, Dindigul District 624005 ",dindigul,madurai,self financing colleges
457,5935,"Fatima Michael College of Engineering & Technology, Sengottai Village, Sivagangai Main Road, Madurai District 625020 ",madurai,madurai,self financing colleges
458,5942,"Ultra College of Engineering and Technology, Kodikulam, 1 Bit Village, Madurai-Chennai Highway, Madurai District 625104 ",madurai,madurai,self financing colleges
459,5986,"Velammal College of Engineering and Technology, Madurai District 625009 ",madurai,madurai,self financing colleges
460,5988,"Theni Kammavar Sangam College of Technology, Theni Main Road, Koduvillarpatti Post, Theni District 625534 ",theni,madurai,self financing colleges
461,5990,"Latha Mathavan Engineering College, Kidaripatti Post, Alagarkoil (Via), Melur Taluk, Madurai District 625301 ",madurai,madurai,self financing colleges
